{"cameraMode":{"drawMode":0,"name":"Shaded","section":"Shading Mode"},"sceneLighting":false,"audioPlay":false,"sceneViewState":{"showFog":true,"showMaterialUpdate":false,"showSkybox":false,"showFlares":true,"showImageEffects":true,"showParticleSystems":true},"in2DMode":false,"pivot":{"x":68.04307556152344,"y":-266.1626892089844,"z":-472.98773193359377},"rotation":{"x":-0.4092865586280823,"y":-0.10717438161373139,"z":0.04848090559244156,"w":-0.9047920107841492},"size":1769.5538330078125,"orthographic":false}