{"cameraMode":{"drawMode":0,"name":"Shaded","section":"Shading Mode"},"sceneLighting":true,"audioPlay":false,"sceneViewState":{"showFog":true,"showMaterialUpdate":false,"showSkybox":true,"showFlares":true,"showImageEffects":true,"showParticleSystems":true},"in2DMode":false,"pivot":{"x":109.88986206054688,"y":-207.3368682861328,"z":-362.2156677246094},"rotation":{"x":-0.12258679419755936,"y":0.760503351688385,"z":-0.15045244991779328,"w":-0.619656503200531},"size":478.8677673339844,"orthographic":false}