{"cameraMode":{"drawMode":0,"name":"Shaded","section":"Shading Mode"},"sceneLighting":true,"audioPlay":false,"sceneViewState":{"showFog":true,"showMaterialUpdate":false,"showSkybox":false,"showFlares":true,"showImageEffects":true,"showParticleSystems":true},"in2DMode":false,"pivot":{"x":0.10500049591064453,"y":13.610000610351563,"z":0.06418704986572266},"rotation":{"x":0.01516039203852415,"y":0.9848378300666809,"z":-0.12055957317352295,"w":0.1238674744963646},"size":42.53960418701172,"orthographic":false}