{"cameraMode":{"drawMode":0,"name":"Shaded","section":"Shading Mode"},"sceneLighting":true,"audioPlay":false,"sceneViewState":{"showFog":true,"showMaterialUpdate":false,"showSkybox":false,"showFlares":true,"showImageEffects":true,"showParticleSystems":true},"in2DMode":false,"pivot":{"x":-2.1859772205352785,"y":3.379899024963379,"z":-6.155040740966797},"rotation":{"x":-0.25471729040145876,"y":0.07301945239305496,"z":-0.01929381862282753,"w":-0.9640632271766663},"size":51.702247619628909,"orthographic":false}