{"cameraMode":{"drawMode":0,"name":"Shaded","section":"Shading Mode"},"sceneLighting":true,"audioPlay":false,"sceneViewState":{"showFog":true,"showMaterialUpdate":false,"showSkybox":true,"showFlares":true,"showImageEffects":true,"showParticleSystems":true},"in2DMode":false,"pivot":{"x":-230.66880798339845,"y":-133.05029296875,"z":-62.020477294921878},"rotation":{"x":-0.3481025993824005,"y":0.3363906145095825,"z":-0.13545635342597962,"w":-0.8644761443138123},"size":6094.10205078125,"orthographic":false}