{"cameraMode":{"drawMode":0,"name":"Shaded","section":"Shading Mode"},"sceneLighting":true,"audioPlay":false,"sceneViewState":{"showFog":true,"showMaterialUpdate":false,"showSkybox":false,"showFlares":true,"showImageEffects":true,"showParticleSystems":true},"in2DMode":false,"pivot":{"x":-181.11309814453126,"y":76.78006744384766,"z":-21.032501220703126},"rotation":{"x":0.09785819053649903,"y":0.46108025312423708,"z":0.05124770104885101,"w":-0.8804603219032288},"size":32.67947006225586,"orthographic":false}